Redirect 301 /services/blog-marketing/ http://www.imforza.com/services/social-media-marketing/
Redirect 301 /services/copywriting/    	http://www.imforza.com/services/search-engine-optimization/
Redirect 301 /services/lead-generation/	http://www.imforza.com/services/conversion-optimization/
Redirect 301 /services/marketing-design/	http://www.imforza.com/services/web-design/
Redirect 301 /services/media-marketing/	http://www.imforza.com/services/video-marketing/
Redirect 301 /services/social-marketing/	http://www.imforza.com/services/social-media-marketing/
Redirect 301 /services/tracking-and-reporting/	http://www.imforza.com/services/tracking-reporting/
Redirect 301 /showcase/portfolio/	http://www.imforza.com/portfolio/
Redirect 301 /showcase/project-portfolio/	http://www.imforza.com/portfolio/
Redirect 301 /services/consulting/online-marketing-campaign-questionnaire/	http://www.imforza.com/support/service-questionnaires/web-marketing-questionnaire/
Redirect 301 /services/marketing-design/website-development-questionnaire/	http://www.imforza.com/support/service-questionnaires/web-development-questionnaire/
Redirect 301 /services/copywriting/content-questionnaire/	http://www.imforza.com/support/service-questionnaires/content-development-questionnaire/
Redirect 301 /services/social	http://www.imforza.com/services/social-media-marketing/
Redirect 301 /internet	http://www.imforza.com/
Redirect 301 /showcase/info@imforza.com	http://www.imforza.com/showcase/
Redirect 301 /services/info@imforza.com	http://www.imforza.com/services/
Redirect 301 /services/websites/info@imforza.com	http://www.imforza.com/services/
Redirect 301 /order	http://shop.imforza.com/
Redirect 301 /services/web-design/	http://www.imforza.com/services/website-design/
Redirect 301 /showcase/website-portfolio/	http://www.imforza.com/portfolio/
Redirect 301 /resources/	http://www.imforza.com/support/
Redirect 301 /resources/resources/newsletters/	http://www.imforza.com/blog
Redirect 301 /resources/newsletters/	http://www.imforza.com/blog
Redirect 301 /resources/faq/	http://www.imforza.com/support/frequently-asked-questions/
Redirect 301 /resources/industry-news/	http://www.imforza.com/blog/
Redirect 301 /resources/support/	http://www.imforza.com/support/
Redirect 301 /internet-marketing-agency/	http://www.imforza.com/
Redirect 301 /blog/2011-google-algorithm-changes/feed/	http://www.imforza.com/blog/how-to-leverage-googles-february-2012-search-updates/
Redirect 301 /resources/info@imforza.com/	http://www.imforza.com/support/
Redirect 301 /embed.js/	http://www.imforza.com/
Redirect 301 /wp-content/uploads/2012/11/social-media-design-cheat-sheet.png	http://www.imforza.com/wp-content/uploads/2014/06/social-media-design-cheat-sheet.png
Redirect 301 /blog/how-to-find-your-why	http://www.imforza.com/blog/find-your-why-grow-your-business/
Redirect 301 /v2/shop/website-design/landing-page-studio/	http://shop.imforza.com/
Redirect 301 /about-us/team/piper-york/	http://www.imforza.com/about-us/team/
Redirect 301 Redirect 301 /about-us/team/daniel-rauth/	http://www.imforza.com/about-us/team/
Redirect 301 /about-us/team/taysha-torino/	http://www.imforza.com/about-us/team/
Redirect 301 /about-us/team/monique-gomez/	http://www.imforza.com/about-us/team/
Redirect 301 /about-us/team/steven-junkins/	http://www.imforza.com/about-us/team/
Redirect 301 /showcase/testimonials/	http://www.imforza.com/testimonials/
Redirect 301 /project-portfolio/gary-gold/	http://www.imforza.com/portfolio/gary-gold-realtor/
Redirect 301 /project-portfolio/gaetanos-italian-restaurant/	http://www.imforza.com/portfolio/gaetanos-italian-restaurant/
Redirect 301 /project-portfolio/roberes-jewelry/	http://www.imforza.com/portfolio/roberes-jewelry/
Redirect 301 /project-portfolio/shoezoo/	http://www.imforza.com/portfolio/shoezoo/
Redirect 301 /project-portfolio/energy-efficient-services/	http://www.imforza.com/portfolio/energy-efficient-services/
Redirect 301 /project-portfolio/well-program-by-child-abuse-prevention-center/	http://www.imforza.com/portfolio/well-program-child-abuse-prevention-center/
Redirect 301 /project-portfolio/blvd/	http://www.imforza.com/portfolio/blvd/
Redirect 301 /project-portfolio/modern-commercial-real-estate/	http://www.imforza.com/portfolio/matt-crabbs-realtor/
Redirect 301 /project-portfolio/windermere-real-estate/	http://www.imforza.com/portfolio/
Redirect 301 /project-portfolio/brevard-county-realty/	http://www.imforza.com/portfolio/
Redirect 301 /project-portfolio/team-metro-real-estate/	http://www.imforza.com/portfolio/
Redirect 301 /project-portfolio/artlife-clothing/	http://www.imforza.com/portfolio/artlife-clothing/
Redirect 301 /project-portfolio/good-neighbor-mortgage-realty/	http://www.imforza.com/portfolio/
Redirect 301 /project-portfolio/era-ranch-sea-realty/	http://www.imforza.com/portfolio/john-beran-realtor/
Redirect 301 /project-portfolio/forest-cove-hoa/	http://www.imforza.com/portfolio/forest-cove-hoa/
Redirect 301 /project-portfolio/khs-lawyers/	http://www.imforza.com/portfolio/kramer-holcomb-sheik-llp/
Redirect 301 /project-portfolio/land-crazy/	http://www.imforza.com/portfolio/
Redirect 301 /project-portfolio/millman-team/	http://www.imforza.com/portfolio/jon-millman-realtor/
Redirect 301 /project-portfolio/split-clothing/	http://www.imforza.com/portfolio/split-clothing/
Redirect 301 /project-portfolio/certapro-painters/	http://www.imforza.com/portfolio/certapro-painters/
Redirect 301 /project-portfolio/trails-west-real-estate/	http://www.imforza.com/portfolio/
Redirect 301 /project-portfolio/grow-sunless/	http://www.imforza.com/portfolio/
Redirect 301 /project-portfolio/blossom-alive/	http://www.imforza.com/portfolio/blossom-alive/
Redirect 301 /project-portfolio/real-estate-in-uruguay/	http://www.imforza.com/portfolio/ralph-haverkate-realtor/
Redirect 301 /project-portfolio/union-street-skateboards/	http://www.imforza.com/portfolio/union-street-skateboards/
Redirect 301 /project-portfolio/hoffman-west/	http://www.imforza.com/portfolio/terry-hoffman-realtor/
Redirect 301 /project-portfolio/sue-de-legge-associates/	http://www.imforza.com/portfolio/sue-de-legge-realtor/
Redirect 301 /project-portfolio/aidikoff-law/	http://www.imforza.com/portfolio/aidikoff-law/
Redirect 301 /project-portfolio/sold-by-thy/	http://www.imforza.com/portfolio/thy-nguyen-realtor/
Redirect 301 /project-portfolio/williams-romito/	http://www.imforza.com/portfolio/williams-and-willams-realtors/
Redirect 301 /project-portfolio/the-value-of-architecture/	http://www.imforza.com/portfolio/brian-linder-realtor/
Redirect 301 /project-portfolio/advanced-plastic-surgery-laser-center/	http://www.imforza.com/portfolio/dr-scott-newman/
Redirect 301 /project-portfolio/interior-gardens/	http://www.imforza.com/portfolio/interior-gardens/
Redirect 301 /project-portfolio/catena-condos/	http://www.imforza.com/portfolio/catena-group-realtors/
Redirect 301 /project-portfolio/phoenix-urban-spaces/	http://www.imforza.com/portfolio/roberta-candelaria-realtor/
Redirect 301 /project-portfolio/all-seasons-properties/	http://www.imforza.com/portfolio/sheri-kvamme-realtor/
Redirect 301 /project-portfolio/comedy-traffic-school/	http://www.imforza.com/portfolio/comedy-traffic-school/
Redirect 301 /project-portfolio/head-regal/	http://www.imforza.com/portfolio/head-regal/
Redirect 301 /wp-content/uploads/2011/12/imforza-los-angeles-mission.jpg	http://live-imforza.gotpantheon.com/wp-content/uploads/2011/12/imforza-la-mission-1024x768.jpg
Redirect 301 /shop	http://shop.imforza.com
Redirect 301 /shop/	http://shop.imforza.com
Redirect 301 /internet-marketing-agency	http://www.imforza.com/
Redirect 301 /wp-content/uploads/2013/03/social-media-design-cheat-sheet.png	http://www.imforza.com/wp-content/uploads/2014/07/social-media-design-cheat-sheet.png
Redirect 301 /Corporet/	http://www.imforza.com/
Redirect 301 /what-is-my-websites-bounce-rate/	http://www.imforza.com/blog/what-is-my-websites-bounce-rate/
Redirect 301 /can-i-do-seo-myself/	http://www.imforza.com/blog/can-i-do-seo-myself/
Redirect 301 /7-simple-social-marketing-tips/	http://www.imforza.com/blog/7-simple-social-marketing-tips/
Redirect 301 /services/websites/	http://www.imforza.com/services/website-design/
Redirect 301 /tools/google-analytics-dashboard/	http://www.imforza.com/tools/google-analytics-kpis-dashboard/
Redirect 301 /project-portfolio/child-abuse-prevention-center/	http://www.imforza.com/portfolio/well-program-child-abuse-prevention-center/
Redirect 301 /blog/content-promotion-tactics/Is	http://www.imforza.com/blog/content-promotion-tactics/
Redirect 301 /terms-of-use	http://www.imforza.com/legal/terms-of-use/
Redirect 301 /pay-per-click	http://www.imforza.com/services/paid-search-marketing/
Redirect 301 /blog/top-internet-marketing-articles-2014/Did	http://www.imforza.com/blog/top-internet-marketing-articles-2014/
Redirect 301 /blog/8-seo-stats-that-are-hard-to-ignore/%20347	http://www.imforza.com/blog/8-seo-stats-that-are-hard-to-ignore/
Redirect 301 /privacy-policy	http://www.imforza.com/legal/privacy-policy/
Redirect 301 /blogFollow	http://www.imforza.com/blog/
Redirect 301 /services/paid	http://www.imforza.com/services/paid-search-marketing/
Redirect 301 /order/marketing-web-design	http://www.imforza.com/services/website-design
Redirect 301 /a	http://www.imforza.com/
Redirect 301 /div	http://www.imforza.com/
Redirect 301 /about-us/team/robots.txt	http://www.imforza.com/about-us/team/
Redirect 301 /showcase/testimonials/submit-a-testimonial/	http://www.imforza.com/testimonials/
Redirect 301 /project-portfolio/a-good-night-sleep-foundation/	http://www.imforza.com/portfolio/
Redirect 301 /portfolio/williams-and-willams-realtors/	http://www.imforza.com/portfolio/williams-and-williams-realtors/
Redirect 301 /testimonials/page/3/	http://www.imforza.com/testimonials/
Redirect 301 /about-us/team/angela-foltz/	http://www.imforza.com/about-us/team/angela-evans/
Redirect 301 /support/service-questionnaires/template-website-project-requirements/	https://www.imforza.com/support/service-questionnaires/website-project-requirements-real-estate/
Redirect 301 /portfolio/adam-claudia-photography/	https://www.imforza.com/portfolio/
Redirect 301 /go/wp-engine/	/go/wpengine/
Redirect 301 /go/idx-broker/	/go/idxbroker/
Redirect 301 /blog/instant-articles-now-open-to-all-publishers-facebook-media/	/blog/facebook-instant-articles-open-to-all/
