Redirect 301 /services/blog-marketing/ https://www.imforza.com/services/social-media-marketing/
Redirect 301 /services/copywriting/ https://www.imforza.com/services/search-engine-optimization/
Redirect 301 /services/lead-generation/ https://www.imforza.com/services/conversion-optimization/
Redirect 301 /services/marketing-design/ https://www.imforza.com/services/web-design/
Redirect 301 /services/media-marketing/ https://www.imforza.com/services/video-marketing/
Redirect 301 /services/social-marketing/ https://www.imforza.com/services/social-media-marketing/
Redirect 301 /services/tracking-and-reporting/ https://www.imforza.com/services/tracking-reporting/
Redirect 301 /showcase/portfolio/ https://www.imforza.com/portfolio/
Redirect 301 /showcase/project-portfolio/ https://www.imforza.com/portfolio/
Redirect 301 /services/consulting/online-marketing-campaign-questionnaire/ https://www.imforza.com/support/service-questionnaires/web-marketing-questionnaire/
Redirect 301 /services/marketing-design/website-development-questionnaire/ https://www.imforza.com/support/service-questionnaires/web-development-questionnaire/
Redirect 301 /services/copywriting/content-questionnaire/ https://www.imforza.com/support/service-questionnaires/content-development-questionnaire/
Redirect 301 /services/social/ https://www.imforza.com/services/social-media-marketing/
Redirect 301 /internet/ https://www.imforza.com/
Redirect 301 /showcase/info@imforza.com/ https://www.imforza.com/showcase/
Redirect 301 /services/info@imforza.com/ https://www.imforza.com/services/
Redirect 301 /services/websites/info@imforza.com/ https://www.imforza.com/services/
Redirect 301 /order/ https://www.imforza.com/
Redirect 301 /services/web-design/ https://www.imforza.com/services/website-design/
Redirect 301 /showcase/website-portfolio/ https://www.imforza.com/portfolio/
Redirect 301 /resources/ https://www.imforza.com/support/
Redirect 301 /resources/resources/newsletters/ https://www.imforza.com/blog/
Redirect 301 /resources/newsletters/ https://www.imforza.com/blog/
Redirect 301 /resources/faq/ https://www.imforza.com/support/frequently-asked-questions/
Redirect 301 /resources/industry-news/ https://www.imforza.com/blog/
Redirect 301 /resources/support/ https://www.imforza.com/support/
Redirect 301 /internet-marketing-agency/ https://www.imforza.com/
Redirect 301 /blog/2011-google-algorithm-changes/feed/ https://www.imforza.com/blog/how-to-leverage-googles-february-2012-search-updates/
Redirect 301 /resources/info@imforza.com/ https://www.imforza.com/support/
Redirect 301 /embed.js/ https://www.imforza.com/
Redirect 301 /wp-content/uploads/2012/11/social-media-design-cheat-sheet.png/ https://www.imforza.com/wp-content/uploads/2014/06/social-media-design-cheat-sheet.png/
Redirect 301 /blog/how-to-find-your-why/ https://www.imforza.com/blog/find-your-why-grow-your-business/
Redirect 301 /v2/shop/website-design/landing-page-studio/ https://www.imforza.com/
Redirect 301 /about-us/team/piper-york/ https://www.imforza.com/about-us/team/
Redirect 301 /about-us/team/daniel-rauth/ https://www.imforza.com/about-us/team/
Redirect 301 /about-us/team/taysha-torino/ https://www.imforza.com/about-us/team/
Redirect 301 /about-us/team/monique-gomez/ https://www.imforza.com/about-us/team/
Redirect 301 /about-us/team/steven-junkins/ https://www.imforza.com/about-us/team/
Redirect 301 /showcase/testimonials/ https://www.imforza.com/testimonials/
Redirect 301 /project-portfolio/gary-gold/ https://www.imforza.com/portfolio/gary-gold-realtor/
Redirect 301 /project-portfolio/gaetanos-italian-restaurant/ https://www.imforza.com/portfolio/gaetanos-italian-restaurant/
Redirect 301 /project-portfolio/roberes-jewelry/ https://www.imforza.com/portfolio/roberes-jewelry/
Redirect 301 /project-portfolio/shoezoo/ https://www.imforza.com/portfolio/shoezoo/
Redirect 301 /project-portfolio/energy-efficient-services/ https://www.imforza.com/portfolio/energy-efficient-services/
Redirect 301 /project-portfolio/well-program-by-child-abuse-prevention-center/ https://www.imforza.com/portfolio/well-program-child-abuse-prevention-center/
Redirect 301 /project-portfolio/blvd/ https://www.imforza.com/portfolio/blvd/
Redirect 301 /project-portfolio/modern-commercial-real-estate/ https://www.imforza.com/portfolio/matt-crabbs-realtor/
Redirect 301 /project-portfolio/windermere-real-estate/ https://www.imforza.com/portfolio/
Redirect 301 /project-portfolio/brevard-county-realty/ https://www.imforza.com/portfolio/
Redirect 301 /project-portfolio/team-metro-real-estate/ https://www.imforza.com/portfolio/
Redirect 301 /project-portfolio/artlife-clothing/ https://www.imforza.com/portfolio/artlife-clothing/
Redirect 301 /project-portfolio/good-neighbor-mortgage-realty/ https://www.imforza.com/portfolio/
Redirect 301 /project-portfolio/era-ranch-sea-realty/ https://www.imforza.com/portfolio/john-beran-realtor/
Redirect 301 /project-portfolio/forest-cove-hoa/ https://www.imforza.com/portfolio/forest-cove-hoa/
Redirect 301 /project-portfolio/khs-lawyers/ https://www.imforza.com/portfolio/kramer-holcomb-sheik-llp/
Redirect 301 /project-portfolio/land-crazy/ https://www.imforza.com/portfolio/
Redirect 301 /project-portfolio/millman-team/ https://www.imforza.com/portfolio/jon-millman-realtor/
Redirect 301 /project-portfolio/split-clothing/ https://www.imforza.com/portfolio/split-clothing/
Redirect 301 /project-portfolio/certapro-painters/ https://www.imforza.com/portfolio/certapro-painters/
Redirect 301 /project-portfolio/trails-west-real-estate/ https://www.imforza.com/portfolio/
Redirect 301 /project-portfolio/grow-sunless/ https://www.imforza.com/portfolio/
Redirect 301 /project-portfolio/blossom-alive/ https://www.imforza.com/portfolio/blossom-alive/
Redirect 301 /project-portfolio/real-estate-in-uruguay/ https://www.imforza.com/portfolio/ralph-haverkate-realtor/
Redirect 301 /project-portfolio/union-street-skateboards/ https://www.imforza.com/portfolio/union-street-skateboards/
Redirect 301 /project-portfolio/hoffman-west/ https://www.imforza.com/portfolio/terry-hoffman-realtor/
Redirect 301 /project-portfolio/sue-de-legge-associates/ https://www.imforza.com/portfolio/sue-de-legge-realtor/
Redirect 301 /project-portfolio/aidikoff-law/ https://www.imforza.com/portfolio/aidikoff-law/
Redirect 301 /project-portfolio/sold-by-thy/ https://www.imforza.com/portfolio/thy-nguyen-realtor/
Redirect 301 /project-portfolio/williams-romito/ https://www.imforza.com/portfolio/williams-and-willams-realtors/
Redirect 301 /project-portfolio/the-value-of-architecture/ https://www.imforza.com/portfolio/brian-linder-realtor/
Redirect 301 /project-portfolio/advanced-plastic-surgery-laser-center/ https://www.imforza.com/portfolio/dr-scott-newman/
Redirect 301 /project-portfolio/interior-gardens/ https://www.imforza.com/portfolio/interior-gardens/
Redirect 301 /project-portfolio/catena-condos/ https://www.imforza.com/portfolio/catena-group-realtors/
Redirect 301 /project-portfolio/phoenix-urban-spaces/ https://www.imforza.com/portfolio/roberta-candelaria-realtor/
Redirect 301 /project-portfolio/all-seasons-properties/ https://www.imforza.com/portfolio/sheri-kvamme-realtor/
Redirect 301 /project-portfolio/comedy-traffic-school/ https://www.imforza.com/portfolio/comedy-traffic-school/
Redirect 301 /project-portfolio/head-regal/ https://www.imforza.com/portfolio/head-regal/
Redirect 301 /wp-content/uploads/2011/12/imforza-los-angeles-mission.jpg/ https://www.imforza.com/wp-content/uploads/2011/12/imforza-la-mission-1024x768.jpg/
Redirect 301 /shop/ https://www.imforza.com/
Redirect 301 /shop/ https://www.imforza.com/
Redirect 301 /internet-marketing-agency/ https://www.imforza.com/
Redirect 301 /wp-content/uploads/2013/03/social-media-design-cheat-sheet.png/ https://www.imforza.com/wp-content/uploads/2014/07/social-media-design-cheat-sheet.png/
Redirect 301 /Corporet/ https://www.imforza.com/
Redirect 301 /what-is-my-websites-bounce-rate/ https://www.imforza.com/blog/what-is-my-websites-bounce-rate/
Redirect 301 /can-i-do-seo-myself/ https://www.imforza.com/blog/can-i-do-seo-myself/
Redirect 301 /7-simple-social-marketing-tips/ https://www.imforza.com/blog/7-simple-social-marketing-tips/
Redirect 301 /services/websites/ https://www.imforza.com/services/website-design/
Redirect 301 /tools/google-analytics-dashboard/ https://www.imforza.com/tools/google-analytics-kpis-dashboard/
Redirect 301 /project-portfolio/child-abuse-prevention-center/ https://www.imforza.com/portfolio/well-program-child-abuse-prevention-center/
Redirect 301 /blog/content-promotion-tactics/Is/ https://www.imforza.com/blog/content-promotion-tactics/
Redirect 301 /terms-of-use/ https://www.imforza.com/legal/terms-of-use/
Redirect 301 /pay-per-click/ https://www.imforza.com/services/paid-search-marketing/
Redirect 301 /blog/top-internet-marketing-articles-2014/Did/ https://www.imforza.com/blog/top-internet-marketing-articles-2014/
Redirect 301 /blog/8-seo-stats-that-are-hard-to-ignore/%20347/ https://www.imforza.com/blog/8-seo-stats-that-are-hard-to-ignore/
Redirect 301 /privacy-policy/ https://www.imforza.com/legal/privacy-policy/
Redirect 301 /blogFollow/ https://www.imforza.com/blog/
Redirect 301 /services/paid/ https://www.imforza.com/services/paid-search-marketing/
Redirect 301 /order/marketing-web-design/ https://www.imforza.com/services/website-design/
Redirect 301 /a/ https://www.imforza.com/
Redirect 301 /div/ https://www.imforza.com/
Redirect 301 /about-us/team/robots.txt/ https://www.imforza.com/about-us/team/
Redirect 301 /showcase/testimonials/submit-a-testimonial/ https://www.imforza.com/testimonials/
Redirect 301 /project-portfolio/a-good-night-sleep-foundation/ https://www.imforza.com/portfolio/
Redirect 301 /portfolio/williams-and-willams-realtors/ https://www.imforza.com/portfolio/williams-and-williams-realtors/
Redirect 301 /testimonials/page/3/ https://www.imforza.com/testimonials/
Redirect 301 /about-us/team/angela-foltz/ https://www.imforza.com/about-us/team/angela-evans/
Redirect 301 /support/service-questionnaires/template-website-project-requirements/ https://www.imforza.com/support/service-questionnaires/website-project-requirements-real-estate/
Redirect 301 /portfolio/adam-claudia-photography/ https://www.imforza.com/portfolio/
Redirect 301 /go/wp-engine/ https://www.imforza.com/go/wpengine/
Redirect 301 /go/idx-broker/ https://www.imforza.com/go/idxbroker/
Redirect 301 /blog/instant-articles-now-open-to-all-publishers-facebook-media/ https://www.imforza.com/blog/facebook-instant-articles-open-to-all/
